#,disciplina,sexo,barrio,estrato,discapacitado
1,CICLISMO,MASCULINO,SAN ALONSO,3,NO
2,CICLISMO,MASCULINO,BMANGA,3,NO
3,CICLISMO,MASCULINO,LUZ DE SALVACION,2,NO
4,CICLISMO,MASCULINO,LAGOS 2,3,NO
5,CICLISMO,MASCULINO,LS 11,2,NO
6,CICLISMO,MASCULINO,BAVARIA 2,2,NO
7,CICLISMO,MASCULINO,LA JOYA,3,NO
8,CICLISMO,MASCULINO,EL NORTE,3,NO
9,CICLISMO,MASCULINO,SAN ALONSO,3,NO
10,CICLISMO,MASCULINO,LA JOYA,2,NO
11,CICLISMO,MASCULINO,PORVENIR,3,NO
12,CICLISMO,MASCULINO,MARIA PAZ,2,NO
13,CICLISMO,MASCULINO,CAMPO HERMOSO,3,NO
14,CICLISMO,MASCULINO,SAN ALONSO,3,NO
15,CICLISMO,MASCULINO,COMUNEROS,3,NO
16,CICLISMO,MASCULINO,COMUNEROS,3,NO
17,CICLISMO,FEMENINO,PORTON,3,NO
18,BMX,MASCULINO,SAN MARTIN,1,NO
19,BMX,FEMENINO,SAN MARTIN,1,NO
20,BMX,FEMENINO,SAN MARTIN,1,NO
21,BMX,MASCULINO,SAN MARTIN,1,NO
22,BMX,MASCULINO,SAN MARTIN,1,NO
23,BMX,FEMENINO,SAN MARTIN,1,NO
24,BMX,MASCULINO,SAN MARTIN,1,NO
25,BMX,FEMENINO,SAN MARTIN,1,NO
26,BMX,MASCULINO,SAN MARTIN,1,NO
27,BMX,FEMENINO,SAN MARTIN,1,NO
28,BMX,MASCULINO,SAN MARTIN,1,NO
29,BMX,MASCULINO,SAN MARTIN,1,NO
30,CICLISMO,FEMENINO,BAVARIA 2,1,NO
31,CICLISMO,MASCULINO,BAVARIA 2,1,NO
32,CICLISMO,MASCULINO,BAVARIA 2,1,NO
33,CICLISMO,FEMENINO,BAVARIA 2,1,NO
34,CICLISMO,FEMENINO,BAVARIA 2,1,NO
35,CICLISMO,MASCULINO,BAVARIA 2,1,NO
36,CICLISMO,FEMENINO,BAVARIA 2,1,NO
37,CICLISMO,FEMENINO,BAVARIA 2,1,NO
38,CICLISMO,MASCULINO,BAVARIA 2,1,NO
39,CICLISMO,MASCULINO,BAVARIA 2,1,NO
40,CICLISMO,MASCULINO,SAN ALONSO,1,NO
41,CICLISMO,FEMENINO,SAN ALONSO,1,NO
42,CICLISMO,FEMENINO,MORRORICO,3,NO
43,CICLISMO,FEMENINO,COLORADOS,2,NO
44,CICLISMO,FEMENINO,ANTONIA SANTOS,3,NO
45,CICLISMO,MASCULINO,LA CUMBRE,3,NO
46,CICLISMO,MASCULINO,LA CUMBRE,3,NO
47,CICLISMO,MASCULINO,SAN FRANCISCO,3,NO
48,CICLISMO,MASCULINO,LA CUMBRE,2,NO
49,CICLISMO,MASCULINO,ANTONIA SANTOS,3,NO
50,CICLISMO,MASCULINO,ANTONIA SANTOS,3,NO
51,CICLISMO,MASCULINO,SAN ALONSO,2,NO
52,CICLISMO,FEMENINO,LAGOS II,3,NO
53,CICLISMO,FEMENINO,SAN MIGUEL,3,NO
54,CICLISMO,MASCULINO,LA CONCORDI A,3,NO
55,CICLISMO,FEMENINO,LA CUMBRE,3,NO
56,CICLISMO,MASCULINO,LUZ DE SALVACION,2,NO
57,CICLISMO,MASCULINO,SAN ALONSO,3,NO
58,CICLISMO,MASCULINO,ALFONSO LOPEZ,3,NO
59,CICLISMO,MASCULINO,CANDILES,3,NO
60,CICLISMO,FEMENINO,CANDILES,2,NO
61,CICLISMO,MASCULINO,SAN MIGUEL,3,NO
62,CICLISMO,MASCULINO,SAN MIGUEL,3,NO
63,CICLISMO,MASCULINO,FONTANA,4,NO
64,CICLISMO,MASCULINO,SAN ALONSO,4,NO
65,CICLISMO,MASCULINO,FONTANA,3,NO
66,CICLISMO,MASCULINO,VILLALUZ,2,NO
67,CICLISMO,MASCULINO,VILLALUZ,2,NO
68,CICLISMO,FEMENINO,SAN MIGUEL,3,NO
69,CICLISMO,MASCULINO,PTE NARIÑO,1,NO
70,CICLISMO,MASCULINO,ANTONIA SANTOS,3,NO
71,NATACION,MASCULINO,CAMPO HERMOSO,1,NO
72,NATACION,MASCULINO,CAMPO HERMOSO,3,NO
73,NATACION,MASCULINO,CAMPO HERMOSO,2,NO
74,NATACION,MASCULINO,CAMPO HERMOSO,2,NO
75,NATACION,MASCULINO,CAMPO HERMOSO,2,NO
76,NATACION,FEMENINO,QUINTA ESTRELLA,2,NO
77,NATACION,FEMENINO,QUINTA ESTRELLA,3,NO
78,NATACION,MASCULINO,COMUNEROS,3,NO
79,NATACION,MASCULINO,CAMPO HERMOSO,2,NO
80,NATACION,MASCULINO,PRIMERO DE MAYO,2,NO
81,NATACION,MASCULINO,PRIMERO DE MAYO,2,NO
82,NATACION,MASCULINO,CAMPO HERMOSO,3,NO
83,NATACION,FEMENINO,CAMPO HERMOSO,2,NO
84,NATACION,MASCULINO,CAMPO HERMOSO,2,NO
85,NATACION,MASCULINO,PRIMERO DE MAYO,2,NO
86,NATACION,MASCULINO,CAMPO HERMOSO,3,NO
87,NATACION,MASCULINO,CAMPO HERMOSO,2,NO
88,NATACION,MASCULINO,CAMPO HERMOSO,3,NO
89,NATACION,MASCULINO,CAMPO HERMOSO,2,NO
90,NATACION,FEMENINO,MUTIS,3,NO
91,NATACION,MASCULINO,CAMPO HERMOSO,2,NO
92,NATACION,FEMENINO,CAMPO HERMOSO,3,NO
93,NATACION,MASCULINO,CAMPO HERMOSO,3,NO
94,NATACION,MASCULINO,CAMPO HERMOSO,1,NO
95,NATACION,FEMENINO,CAMPO HERMOSO,3,NO
96,NATACION,FEMENINO,CAMPO HERMOSO,2,NO
97,NATACION,FEMENINO,CAMPO HERMOSO,2,NO
98,NATACION,MASCULINO,CAMPO HERMOSO,2,NO
99,NATACION,MASCULINO,CAMPO HERMOSO,2,NO
100,NATACION,FEMENINO,CAMPO HERMOSO,2,NO
101,NATACION,MASCULINO,CAMPO HERMOSO,2,NO
102,NATACION,FEMENINO,QUINTA ESTRELLA,3,NO
103,NATACION,MASCULINO,GARCIA ROVIRA,3,NO
104,NATACION,FEMENINO,CAMPO HERMOSO,2,NO
105,NATACION,FEMENINO,CAMPO HERMOSO,3,NO
106,NATACION,MASCULINO,CAMPO HERMOSO,2,NO
107,NATACION,FEMENINO,CAMPO HERMOSO,3,NO
108,NATACION,MASCULINO,CAMPO HERMOSO,2,NO
109,NATACION,MASCULINO,CAMPO HERMOSO,2,NO
110,NATACION,FEMENINO,CAMPO HERMOSO,2,NO
111,NATACION,FEMENINO,CAMPO HERMOSO,3,NO
112,NATACION,MASCULINO,CAMPO HERMOSO,2,NO
113,NATACION,MASCULINO,CAMPO HERMOSO,3,NO
114,NATACION,FEMENINO,CAMPO HERMOSO,3,NO
115,NATACION,FEMENINO,CAMPO HERMOSO,3,NO
116,NATACION,MASCULINO,CAMPO HERMOSO,3,NO
117,NATACION,MASCULINO,CAMPO HERMOSO,3,NO
118,NATACION,FEMENINO,CAMPO HERMOSO,3,NO
119,NATACION,MASCULINO,CAMPO HERMOSO,2,NO
120,NATACION,FEMENINO,CAMPO HERMOSO,3,NO
121,NATACION,FEMENINO,CAMPO HERMOSO,2,NO
122,NATACION,FEMENINO,CAMPO HERMOSO,2,NO
123,NATACION,MASCULINO,CAMPO HERMOSO,3,NO
124,NATACION,FEMENINO,CAMPO HERMOSO,2,NO
125,NATACION,FEMENINO,CAMPO HERMOSO,3,NO
126,NATACION,MASCULINO,CAMPO HERMOSO,1,NO
127,NATACION,MASCULINO,CAMPO HERMOSO,2,NO
128,NATACION,MASCULINO,CAMPO HERMOSO,2,NO
129,NATACION,FEMENINO,ESMERALDA,2,NO
130,NATACION,MASCULINO,ESMERALDA,2,NO
131,NATACION,FEMENINO,ESMERALDA,2,NO
132,NATACION,FEMENINO,CAMPO HERMOSO,3,NO
133,NATACION,FEMENINO,EL SOL,2,NO
134,NATACION,FEMENINO,CAMPO HERMOSO,3,NO
135,NATACION,FEMENINO,CAMPO HERMOSO,3,NO
136,NATACION,FEMENINO,CAMPO HERMOSO,3,NO
137,NATACION,MASCULINO,CAMPO HERMOSO,2,NO
138,NATACION,MASCULINO,CAMPO HERMOSO,3,NO
139,NATACION,MASCULINO,CAMPO HERMOSO,3,NO
140,NATACION,FEMENINO,CAMPO HERMOSO,3,NO
141,NATACION,FEMENINO,CAMPO HERMOSO,3,NO
142,NATACION,MASCULINO,CAMPO HERMOSO,3,NO
143,NATACION,FEMENINO,CAMPO HERMOSO,2,NO
144,NATACION,FEMENINO,CAMPO HERMOSO,2,NO
145,NATACION,FEMENINO,CAMPO HERMOSO,2,NO
146,NATACION,FEMENINO,QUINTA ESTRELLA,3,NO
147,NATACION,MASCULINO,VEREDA BUENOS AIRES,1,NO
148,NATACION,FEMENINO,CAMPO HERMOSO,2,NO
149,NATACION,FEMENINO,PASEO LA FERIA,2,NO
150,NATACION,FEMENINO,CAMPO HERMOSO,3,NO
151,NATACION,FEMENINO,MONTERREDONDO,3,NO
152,NATACION,FEMENINO,CAMPO HERMOSO,3,NO
153,NATACION,FEMENINO,CENTRO,3,NO
154,NATACION,MASCULINO,CENTRO,3,NO
155,NATACION,FEMENINO,CAMPO HERMOSO,3,NO
156,NATACION,FEMENINO,CAMPO HERMOSO,3,NO
157,NATACION,FEMENINO,CAMPO HERMOSO,3,NO
158,NATACION-DISCAPACIDAD,MASCULINO,SAN FRANCISCO,1,SI
159,NATACION-DISCAPACIDAD,MASCULINO,PORVENIR,2,SI
160,NATACION-DISCAPACIDAD,MASCULINO,NIZA,4,SI
161,NATACION-DISCAPACIDAD,MASCULINO,LUZ DE SALVACION,1,SI
162,NATACION-DISCAPACIDAD,MASCULINO,LUZ DE SALVACION,2,SI
163,NATACION-DISCAPACIDAD,MASCULINO,BUCARAMANGA,2,SI
164,NATACION-DISCAPACIDAD,MASCULINO,CIUDAD BOLIVAR,3,SI
165,NATACION-DISCAPACIDAD,FEMENINO,LA JOYA,3,SI
166,NATACION-DISCAPACIDAD,MASCULINO,CANDILES,3,SI
167,NATACION-DISCAPACIDAD,FEMENINO,MUTIS,3,SI
168,NATACION-DISCAPACIDAD,FEMENINO,GARCIA ROVIRA,3,SI
169,NATACION-DISCAPACIDAD,FEMENINO,CAMPO HERMOSO,2,SI
170,NATACION-DISCAPACIDAD,MASCULINO,CAMPO HERMOSO,2,SI
171,NATACION-DISCAPACIDAD,MASCULINO,UNIVERSIDAD,4,SI
172,NATACION-DISCAPACIDAD,MASCULINO,SAN FRANCISCO,3,SI
173,NATACION-DISCAPACIDAD,MASCULINO,ACAPULCO,1,SI
174,NATACION-DISCAPACIDAD,MASCULINO,ALDEA ALTA,2,SI
175,NATACION-DISCAPACIDAD,MASCULINO,SAN IGNACIO,1,SI
176,NATACION-DISCAPACIDAD,FEMENINO,PRIMAVERA,1,SI
177,NATACION-DISCAPACIDAD,MASCULINO,BUCARICA,3,SI
179,NATACION-DISCAPACIDAD,MASCULINO,PUERTO RICO,1,SI
180,NATACION-DISCAPACIDAD,MASCULINO,OASIS,1,SI
181,NATACION-DISCAPACIDAD,FEMENINO,LAGOS II,3,SI
182,NATACION-DISCAPACIDAD,FEMENINO,LA JOYA,3,SI
183,NATACION-DISCAPACIDAD,MASCULINO,ALFONSO LOPEZ,3,SI
184,NATACION-DISCAPACIDAD,MASCULINO,NUEVO GIRON,1,SI
185,NATACION-DISCAPACIDAD,MASCULINO,BUENAVISTA,2,SI
186,NATACION-DISCAPACIDAD,MASCULINO,ESTORAQUES,2,SI
187,NATACION-DISCAPACIDAD,MASCULINO,SAN LUIS,3,SI
188,NATACION-DISCAPACIDAD,MASCULINO,KENNEDY,2,SI
189,NATACION-DISCAPACIDAD,FEMENINO,KENNEDY,2,SI
190,NATACION-DISCAPACIDAD,MASCULINO,ANTONIA SANTOS,3,SI
191,NATACION-DISCAPACIDAD,MASCULINO,JOSÉ ANTONIO GALÁN,1,SI
192,NATACION-DISCAPACIDAD,FEMENINO,JOSÉ ANTONIO GALÁN,1,SI
193,NATACION-DISCAPACIDAD,MASCULINO,CARMEN,2,SI
194,NATACION-DISCAPACIDAD,MASCULINO,HEROES,3,SI
195,NATACION-DISCAPACIDAD,MASCULINO,MUTIS,3,SI
196,NATACION-DISCAPACIDAD,MASCULINO,PORVENIR,3,SI
197,NATACION-DISCAPACIDAD,MASCULINO,COLORADOS,1,SI
198,NATACION-DISCAPACIDAD,FEMENINO,MEJORAS PUBLICAS,4,SI
199,NATACION-DISCAPACIDAD,MASCULINO,VILLA HELENA,2,SI
200,NATACION-DISCAPACIDAD,MASCULINO,LA CONCORDIA,1,SI
201,NATACION-DISCAPACIDAD,MASCULINO,PROVENZA,4,SI
202,NATACION-DISCAPACIDAD,MASCULINO,MUTIS,3,SI
203,NATACION-DISCAPACIDAD,FEMENINO,MUTIS,3,SI
204,NATACION-DISCAPACIDAD,MASCULINO,MIRADOR DE SAN JUAN,1,SI
205,NATACION-DISCAPACIDAD,FEMENINO,BUCARAMANGA,2,SI
206,NATACION-DISCAPACIDAD,FEMENINO,CANELOS,2,SI
207,NATACION-DISCAPACIDAD,MASCULINO,CANELOS,2,SI
208,NATACION-DISCAPACIDAD,MASCULINO,CIUDAD BOLÍVAR,3,SI
209,NATACION-DISCAPACIDAD,MASCULINO,COLORADOS,1,SI
210,NATACION-DISCAPACIDAD,MASCULINO,VILLAS DEL NOGAL,1,SI
211,NATACION-DISCAPACIDAD,MASCULINO,ESTORAQUES,2,SI
212,NATACION-DISCAPACIDAD,MASCULINO,BUCARAMANGA,2,SI
213,NATACION-DISCAPACIDAD,MASCULINO,GRANJA RIGAN,1,SI
214,NATACION-DISCAPACIDAD,MASCULINO,CAMPO HERMOSO,1,SI
215,NATACION-DISCAPACIDAD,MASCULINO,ALFONSO LOPEZ,2,SI
216,NATACION-DISCAPACIDAD,FEMENINO,REAL DE MINAS,4,SI
217,FUTBOL SALA,FEMENINO,MIRADORES UIS,1,NO
218,FUTBOL SALA,MASCULINO,MIRADORES UIS,1,NO
219,FUTBOL SALA,MASCULINO,MIRADORES UIS,1,NO
220,FUTBOL SALA,MASCULINO,MIRADORES UIS,1,NO
221,FUTBOL SALA,MASCULINO,MIRADORES UIS,1,NO
222,FUTBOL SALA,MASCULINO,MIRADORES UIS,1,NO
223,FUTBOL SALA,FEMENINO,MIRADORES UIS,1,NO
224,FUTBOL SALA,MASCULINO,MIRADORES UIS,1,NO
225,FUTBOL SALA,MASCULINO,MIRADORES UIS,1,NO
226,FUTBOL SALA,MASCULINO,MIRADORES UIS,1,NO
227,FUTBOL SALA,MASCULINO,MIRADORES UIS,1,NO
228,FUTBOL SALA,MASCULINO,MIRADORES UIS,1,NO
229,FUTBOL SALA,MASCULINO,MIRADORES UIS,1,NO
230,FUTBOL SALA,MASCULINO,MIRADORES UIS,1,NO
231,FUTBOL SALA,MASCULINO,MIRADORES UIS,1,NO
232,FUTBOL SALA,MASCULINO,MIRADORES UIS,1,NO
233,FUTBOL SALA,MASCULINO,MIRADORES UIS,1,NO
234,FUTBOL SALA,MASCULINO,MIRADORES UIS,1,NO
235,FUTBOL SALA,MASCULINO,CAMPO HERMOSO,1,NO
236,FUTBOL SALA,MASCULINO,ALVARES,2,NO
237,FUTBOL SALA,FEMENINO,LA INDEPENDENCIA,1,NO
238,FUTBOL SALA,MASCULINO,COMUNEROS,2,NO
239,FUTBOL SALA,MASCULINO,COMUNEROS,2,NO
240,FUTBOL SALA,MASCULINO,COMUNEROS,2,NO
241,FUTBOL SALA,MASCULINO,COMUNEROS,2,NO
242,FUTBOL SALA,MASCULINO,COMUNEROS,2,NO
243,FUTBOL SALA,MASCULINO,SAN FRANCISCO,3,NO
244,FUTBOL SALA,MASCULINO,COMUNEROS,2,NO
245,FUTBOL SALA,MASCULINO,INDEPENDENCIA,1,NO
246,FUTBOL SALA,MASCULINO,INDEPENDENCIA,1,NO
247,FUTBOL SALA,MASCULINO,COMUNEROS,3,NO
248,FUTBOL SALA,MASCULINO,COMUNEROS,2,NO
249,FUTBOL SALA,MASCULINO,COMUNEROS,2,NO
250,FUTBOL SALA,MASCULINO,GIRARDOT,2,NO
251,FUTBOL SALA,FEMENINO,INDEPENDENCIA,2,NO
253,FUTBOL SALA,MASCULINO,COMUNEROS,1,NO
255,FUTBOL SALA,MASCULINO,LUZ DE SALVACION,1,NO
256,FUTBOL SALA,MASCULINO,LUZ DE SALVACION,1,NO
257,FUTBOL SALA,MASCULINO,BALCONES DEL SUR,1,NO
258,FUTBOL SALA,MASCULINO,BALCONES DEL SUR,1,NO
259,FUTBOL SALA,MASCULINO,LUZ DE SALVACION,1,NO
260,FUTBOL SALA,MASCULINO,LUZ DE SALVACION,1,NO
261,FUTBOL SALA,FEMENINO,LUZ DE SALVACION,1,NO
262,FUTBOL SALA,MASCULINO,GRANJAS DE JULIO RINCON,1,NO
263,FUTBOL SALA,MASCULINO,BALCONES DEL SUR,1,NO
264,FUTBOL SALA,FEMENINO,LUZ DE SALVACION,1,NO
265,FUTBOL SALA,FEMENINO,BALCONES DEL SUR,1,NO
266,FUTBOL SALA,MASCULINO,BALCONES DEL SUR,1,NO
267,FUTBOL SALA,FEMENINO,BALCONES DEL SUR,1,NO
268,FUTBOL SALA,MASCULINO,BALCONES DEL SUR,1,NO
269,FUTBOL SALA,MASCULINO,LUZ DE SALVACION,1,NO
270,FUTBOL SALA,MASCULINO,BALCONES DEL SUR,1,NO
271,FUTBOL SALA,FEMENINO,BALCONES DEL SUR,1,NO
272,FUTBOL SALA,FEMENINO,LUZ DE SALVACION,1,NO
273,FUTBOL SALA,MASCULINO,BALCONES DEL SUR,1,NO
274,FUTBOL SALA,MASCULINO,BALCONES DEL SUR,1,NO
275,FUTBOL SALA,MASCULINO,CAMPO DIOS,1,NO
276,FUTBOL SALA,MASCULINO,BALCONES DEL SUR,1,NO
277,FUTBOL SALA,MASCULINO,LUZ DE SALVACION,1,NO
278,FUTBOL SALA,MASCULINO,GRANJAS DE JULIO RINCON,1,NO
279,FUTBOL SALA,MASCULINO,GRANJAS DE JULIO RINCON,1,NO
280,FUTBOL SALA,MASCULINO,LUZ DE SALVACION,1,NO
281,FUTBOL SALA,MASCULINO,LUZ DE SALVACION,1,NO
282,FUTBOL SALA,MASCULINO,VILLA ALEGRIA 2,1,NO
283,FUTBOL SALA,MASCULINO,HAMACAS,1,NO
284,FUTBOL SALA,MASCULINO,ALTOS DEL KENEDY,1,NO
285,FUTBOL SALA,MASCULINO,ALTOS DEL KENEDY,1,NO
286,FUTBOL SALA,MASCULINO,HAMACAS,1,NO
287,FUTBOL SALA,MASCULINO,HAMACAS,1,NO
288,FUTBOL SALA,FEMENINO,HAMACAS,1,NO
289,FUTBOL SALA,MASCULINO,HAMACAS,1,NO
290,FUTBOL SALA,MASCULINO,HAMACAS,1,NO
291,FUTBOL SALA,MASCULINO,VILLA ALEGRIA 2,1,NO
292,FUTBOL SALA,MASCULINO,VILLA ALEGRIA 2,1,NO
293,FUTBOL SALA,MASCULINO,ALTOS DEL KENEDY,2,NO
294,FUTBOL SALA,MASCULINO,HAMACAS,1,NO
295,FUTBOL SALA,MASCULINO,OMAGA 2,1,NO
296,FUTBOL SALA,FEMENINO,OMAGA 2,1,NO
297,FUTBOL SALA,MASCULINO,VILLA ALEGRIA 2,1,NO
298,FUTBOL SALA,MASCULINO,VILLA ALEGRIA 2,1,NO
299,FUTBOL SALA,MASCULINO,HAMACAS,1,NO
300,FUTBOL SALA,MASCULINO,VILLA ROSA,2,NO
301,FUTBOL SALA,MASCULINO,KENEDY,3,NO
302,FUTBOL SALA,MASCULINO,KENEDY,3,NO
303,FUTBOL SALA,MASCULINO,OMAGA 2,1,NO
304,FUTBOL SALA,MASCULINO,HAMACAS,1,NO
305,FUTBOL SALA,MASCULINO,VILLA ALEGRIA 1,1,NO
306,FUTBOL SALA,MASCULINO,KENEDY,1,NO
307,FUTBOL SALA,MASCULINO,OMAGA 2,1,NO
308,FUTBOL SALA,MASCULINO,FALTA POR ENTREGAR,1,NO
309,FUTBOL SALA,FEMENINO,FALTA POR ENTREGAR,1,NO
310,FUTBOL SALA,MASCULINO,HAMACAS,1,NO
312,FUTBOL SALA,MASCULINO,NUEVA COLOMBIA,1,NO
313,FUTBOL SALA,MASCULINO,TRANSICION 2,1,NO
314,FUTBOL SALA,MASCULINO,BOSQUE NORTE,1,NO
316,FUTBOL SALA,MASCULINO,NUEVA COLOMBIA,1,NO
317,FUTBOL SALA,MASCULINO,BOSQUES NORTE BAJO,1,NO
318,FUTBOL SALA,MASCULINO,NUEVA COLOMBIA,1,NO
319,FUTBOL SALA,FEMENINO,BOSQUE NORTE,1,NO
320,FUTBOL SALA,MASCULINO,BOSQUE NORTE,1,NO
321,FUTBOL SALA,MASCULINO,TRANSICION 1,1,NO
322,FUTBOL SALA,MASCULINO,BOSQUE NORTE,1,NO
323,FUTBOL SALA,MASCULINO,BOSQUE NORTE,1,NO
324,FUTBOL SALA,MASCULINO,JUVENTUD,2,NO
325,FUTBOL SALA,MASCULINO,NUEVA COLOMBIA,1,NO
329,NATACION,FEMENINO,CIUDAD METROPO,3,NO
330,NATACION,MASCULINO,CORDONCILLO,2,NO
331,NATACION,MASCULINO,SAN FRANCISCO,3,NO
332,NATACION,FEMENINO,VICTORIA,1,NO
333,NATACION,MASCULINO,VICTORIA,4,NO
334,NATACION,MASCULINO,VICTORIA,4,NO
335,NATACION,FEMENINO,PRADO MUTIS,3,NO
336,NATACION,MASCULINO,REAL DE MINAS,4,NO
337,NATACION,MASCULINO,CANDILES,3,NO
338,NATACION,FEMENINO,20 DE JULIO,1,NO
339,NATACION,FEMENINO,MONTERE-DONDO,3,NO
340,NATACION,FEMENINO,VICTORIA,3,NO
341,NATACION,MASCULINO,SAN ALONSO,3,NO
342,NATACION,MASCULINO,FLORESTA,4,NO
343,NATACION,MASCULINO,PASEO LA FERIA V,2,NO
344,NATACION,MASCULINO,CONCORDIA,3,NO
345,NATACION,MASCULINO,VICTORIA,4,NO
346,NATACION,MASCULINO,TERRAZA,4,NO
347,NATACION,MASCULINO,RICAURTE,2,NO
348,NATACION,FEMENINO,VICTORIA,4,NO
349,NATACION,MASCULINO,BUCARAMANGA,2,NO
350,NATACION,FEMENINO,PROVENZA,4,NO
351,NATACION,FEMENINO,VICTORIA,4,NO
352,NATACION,MASCULINO,SAN ALONSO,3,NO
353,NATACION,MASCULINO,RICAUTE,3,NO
354,NATACION,FEMENINO,VICTORIA,4,NO
355,NATACION,FEMENINO,MODELO,3,NO
356,NATACION,FEMENINO,23 DE JUNIO,2,NO
357,NATACION,FEMENINO,SAN BERNANDO,2,NO
358,NATACION,FEMENINO,PABLO VII,2,NO
359,NATACION,FEMENINO,VICTORIA,3,NO
360,NATACION,FEMENINO,LA SALLE,4,NO
361,NATACION,MASCULINO,RICAURTE,4,NO
362,NATACION,MASCULINO,AFRICA,1,NO
363,NATACION,FEMENINO,PABLO VI,1,NO
364,NATACION,FEMENINO,PABLO VI,2,NO
365,NATACION,MASCULINO,23 DE JULIO,2,NO
366,NATACION,MASCULINO,PABLO VI,1,NO
367,NATACION,FEMENINO,VICTORIA,1,NO
368,NATACION,MASCULINO,REAL DE MIMAS,2,NO
369,NATACION,MASCULINO,VICTORIA,4,NO
370,NATACION,MASCULINO,LA SALLE,3,NO
371,NATACION,FEMENINO,RICAUTE,2,NO
372,NATACION,MASCULINO,SAN MIGUEL,3,NO
373,NATACION,MASCULINO,SOL 2,2,NO
374,NATACION,MASCULINO,SOL 2,2,NO
375,NATACION,MASCULINO,VICTORIA,4,NO
376,NATACION,FEMENINO,VICTORIA,4,NO
377,NATACION,MASCULINO,PABLO VI,2,NO
378,NATACION,MASCULINO,VICTORIA,4,NO
379,NATACION,FEMENINO,VICTORIA,3,NO
380,NATACION,FEMENINO,BUCARAMANGA,2,NO
381,NATACION,FEMENINO,CENTRO,3,NO
382,NATACION,FEMENINO,20 DE JULIO,1,NO
383,NATACION,FEMENINO,SANTANDER,3,NO
384,NATACION,MASCULINO,VILLA PRADO,3,NO
385,NATACION,FEMENINO,BUCARAMANGA,1,NO
386,NATACION,FEMENINO,REAL DE MINAS,4,NO
387,NATACION,MASCULINO,SAN MIGUEL,3,NO
388,NATACION,MASCULINO,SAN PEDRO,2,NO
389,NATACION,MASCULINO,LAURELES 1,1,NO
390,NATACION,FEMENINO,CANELOS,2,NO
391,NATACION,MASCULINO,VILLA DEL PRADO,3,NO
392,NATACION,FEMENINO,VICTORIA,3,NO
393,NATACION,MASCULINO,ALMENDROS,4,NO
394,NATACION,MASCULINO,PABLO VI,2,NO
395,NATACION,MASCULINO,LAURELES 1,1,NO
396,NATACION,MASCULINO,HACIENDA SAN JUAN,2,NO
397,NATACION,FEMENINO,PABLO VI,1,NO
398,NATACION,FEMENINO,SAN LUIS,1,NO
399,NATACION,FEMENINO,SALLE,4,NO
400,NATACION,MASCULINO,REAL DE MINAS,4,NO
401,NATACION,MASCULINO,VICTORIA,4,NO
402,NATACION,MASCULINO,FLORESTA,2,NO
403,NATACION,MASCULINO,PABLO VI,3,NO
404,NATACION,MASCULINO,CONCORDIA,3,NO
405,NATACION,MASCULINO,VICTORIA,4,NO
406,NATACION,MASCULINO,VICTORIA,4,NO
407,NATACION,MASCULINO,VICTORIA,4,NO
408,NATACION,MASCULINO,VICTORIA,3,NO
409,NATACION,MASCULINO,PEDREGOSA,3,NO
410,NATACION,MASCULINO,NUEVO SOTOMAYOR,4,NO
411,NATACION,MASCULINO,FLORESTA,2,NO
413,NATACION,MASCULINO,REAL DE MINAS,3,NO
414,NATACION,FEMENINO,NUEVO SOTOMAYOR,4,NO
415,NATACION,FEMENINO,ALMENDROS,4,NO
416,NATACION,FEMENINO,ANTIGUO CAMPESTRE,6,NO
417,NATACION,FEMENINO,HACIENDA SAN JUAN,2,NO
418,NATACION,FEMENINO,LAURELES 1,1,NO
419,NATACION,FEMENINO,ALMENDROS,4,NO
420,NATACION,MASCULINO,CONCORDIA,3,NO
421,NATACION,MASCULINO,EL SOL 1,2,NO
422,NATACION,MASCULINO,FONTANA,2,NO
423,NATACION,FEMENINO,VICTORIA,4,NO
424,NATACION,FEMENINO,ASTURIAS,3,NO
425,NATACION,FEMENINO,VICTORIA,2,NO
426,NATACION,MASCULINO,SAN MIGUEL,3,NO
427,NATACION,MASCULINO,NUEVA GRANADA,3,NO
428,NATACION,FEMENINO,EL SOL 1,2,NO
429,NATACION,MASCULINO,AFRICA,1,NO
430,NATACION,MASCULINO,LA TRINIDAD,2,NO
431,NATACION,FEMENINO,VICTORIA,4,NO
432,NATACION,FEMENINO,BALCONCITOS,2,NO
433,NATACION,MASCULINO,LA AURORA,4,NO
434,NATACION,MASCULINO,20 DE JULIO,1,NO
435,NATACION,FEMENINO,GIRARDOT,2,NO
436,NATACION,MASCULINO,INMACULADA,2,NO
437,NATACION,FEMENINO,EL SOL,2,NO
438,NATACION,MASCULINO,MUTIS,3,NO
439,NATACION,MASCULINO,ALARCON,3,NO
440,NATACION,MASCULINO,ALMENDRO,3,NO
441,NATACION,MASCULINO,TERREZAS,4,NO
442,NATACION,MASCULINO,BOSQUE DEL CACIQUE,2,NO
443,NATACION,MASCULINO,VICTORIA,4,NO
444,NATACION,FEMENINO,AFRICA,1,NO
445,NATACION,MASCULINO,RICAURTE,3,NO
446,NATACION,MASCULINO,20 DE JULIO,1,NO
447,NATACION,FEMENINO,EL SOL 1,2,NO
448,NATACION,FEMENINO,SAN MIGUEL,3,NO
449,NATACION,FEMENINO,ESTORAQUES,2,NO
450,NATACION,FEMENINO,SALLE,4,NO
451,NATACION,FEMENINO,VICTORIA,4,NO
452,NATACION,FEMENINO,INMACULADA,2,NO
453,NATACION,FEMENINO,CONCORDIA,3,NO
454,NATACION,FEMENINO,VICTORIA,4,NO
455,NATACION,MASCULINO,AFRICA,1,NO
456,NATACION,MASCULINO,20 DE JULIO,1,NO
457,NATACION,MASCULINO,SAN MIGUEL,3,NO
458,NATACION,MASCULINO,REAL DE MINAS,4,NO
459,NATACION,MASCULINO,ANTONIA SANTOS,3,NO
460,NATACION,FEMENINO,CORDONCILLOS,2,NO
461,NATACION,FEMENINO,CORDONCILLO,2,NO
462,NATACION,MASCULINO,ANTONIA SANTOS,3,NO
463,NATACION,FEMENINO,BALCONCITO,2,NO
464,NATACION,FEMENINO,SALLE,4,NO
465,NATACION,FEMENINO,SAN ALONSO,3,NO
466,NATACION,FEMENINO,NUEVO SOTOMAYOR,4,NO
467,NATACION,FEMENINO,VICTORIA,4,NO
468,NATACION,FEMENINO,CORDONCILLOS,2,NO
469,NATACION,MASCULINO,LA VICTORIA,4,NO
470,NATACION,MASCULINO,SAN MIGUEL,3,NO
471,NATACION,MASCULINO,ASDEFLOR,1,NO
472,NATACION,MASCULINO,CORDONCILLOS,2,NO
473,NATACION,MASCULINO,NUEVO SOTOMAYOR,4,NO
474,NATACION,MASCULINO,LA VICTORIA,4,NO
475,NATACION,MASCULINO,LA VICTORIA,4,NO
476,NATACION,FEMENINO,DIAMANTE 2,3,NO
477,NATACION,MASCULINO,CANELOS,2,NO
478,NATACION,FEMENINO,NUEVO SOTOMAYOR,4,NO
479,NATACION,FEMENINO,LA CEIBA,4,NO
480,NATACION,MASCULINO,GIRARDOT,2,NO
481,NATACION,MASCULINO,SAN MIGUEL,3,NO
482,NATACION,FEMENINO,CANDILES,3,NO
483,NATACION,FEMENINO,VICTORIA,4,NO
484,NATACION,FEMENINO,AFRICA,1,NO
485,NATACION,FEMENINO,LOS CANDILES,3,NO
486,NATACION,MASCULINO,R. LA INMACULADA 2,2,NO
487,NATACION,FEMENINO,PABLO VI,3,NO
488,NATACION,FEMENINO,BALCONCITOS,2,NO
489,NATACION,MASCULINO,LA VICTORIA,3,NO
490,BALONCESTO,FEMENINO,BRISAS DEL MUTIS,3,NO
491,BALONCESTO,MASCULINO,BRISAS DEL MUTIS,3,NO
492,BALONCESTO,FEMENINO,BRISAS DEL MUTIS,3,NO
493,BALONCESTO,FEMENINO,BRISAS DEL MUTIS,3,NO
494,BALONCESTO,MASCULINO,BRISAS DEL MUTIS,3,NO
495,BALONCESTO,MASCULINO,ESTORAQUES,2,NO
496,BALONCESTO,FEMENINO,BRISAS DEL MUTIS,3,NO
498,BALONCESTO,FEMENINO,BRISAS DEL MUTIS,3,NO
499,BALONCESTO,MASCULINO,BRISAS DEL MUTIS,3,NO
500,BALONCESTO,FEMENINO,LAGOS 3,3,NO
501,BALONCESTO,MASCULINO,CAMPOHERMOSO,2,NO
502,BALONCESTO,MASCULINO,BRISAS DEL MUTIS,3,NO
503,BALONCESTO,FEMENINO,MUTIS,3,NO
504,BALONCESTO,MASCULINO,MUTIS,3,NO
505,BALONCESTO,FEMENINO,BRISAS DEL MUTIS,3,NO
506,BALONCESTO,MASCULINO,BALCONES DEL MUTIS,3,NO
507,BALONCESTO,MASCULINO,BALCONES DEL MUTIS,3,NO
508,BALONCESTO,MASCULINO,BRISAS DEL MUTIS,3,NO
509,BALONCESTO,MASCULINO,PRADOS DEL MUTIS,3,NO
510,BALONCESTO,FEMENINO,BRISAS DEL MUTIS,3,NO
511,BALONCESTO,FEMENINO,SAN BERNARD0,2,NO
512,BALONCESTO,MASCULINO,ARRAYANES II,2,NO
513,BALONCESTO,FEMENINO,HACIENDA SAN JUAN,2,NO
514,BALONCESTO,FEMENINO,HACIENDA SAN JUAN,3,NO
515,BALONCESTO,FEMENINO,HACIENDA SAN JUAN,2,NO
516,BALONCESTO,FEMENINO,HACIENDA SAN JUAN,2,NO
517,BALONCESTO,MASCULINO,HACIENDA SAN JUAN,2,NO
518,BALONCESTO,MASCULINO,HACIENDA SAN JUAN,2,NO
519,BALONCESTO,FEMENINO,VEREDA SANTA BARBARA,2,NO
520,BALONCESTO,FEMENINO,GAITAN,3,NO
521,BALONCESTO,FEMENINO,HACIENDA SAN JUAN,2,NO
522,BALONCESTO,MASCULINO,HACIENDA SAN JUAN,3,NO
523,BALONCESTO,FEMENINO,HACIENDA SAN JUAN,3,NO
524,BALONCESTO,MASCULINO,HACIENDA SAN JUAN,2,NO
525,BALONCESTO,FEMENINO,CAMPOHERMOSO,2,NO
526,BALONCESTO,MASCULINO,BOSQUES DEL CACIQUE,2,NO
527,BALONCESTO,MASCULINO,HACIENDA SAN JUAN,2,NO
528,BALONCESTO,MASCULINO,HACIENDA SAN JUAN,2,NO
530,BALONCESTO,MASCULINO,HACIENDA SAN JUAN,3,NO
531,BALONCESTO,MASCULINO,HACIENDA SAN JUAN,3,NO
532,BALONCESTO,FEMENINO,EL ROCIO,3,NO
533,BALONCESTO,MASCULINO,EL ROCIO,3,NO
534,BALONCESTO,FEMENINO,GRANJAS DE PROVENZA,1,NO
535,BALONCESTO,MASCULINO,EL ROCIO,3,NO
536,BALONCESTO,MASCULINO,EL DORADO,3,NO
537,BALONCESTO,FEMENINO,EL ROCIO,3,NO
538,BALONCESTO,MASCULINO,PUNTAPARAISO,2,NO
539,BALONCESTO,MASCULINO,PROVENZA,4,NO
540,BALONCESTO,FEMENINO,VILLA ALICIA,3,NO
541,BALONCESTO,FEMENINO,VILLA ALICIA,3,NO
542,BALONCESTO,MASCULINO,PORVENIR,3,NO
543,BALONCESTO,MASCULINO,MANUELA BELTRAN,2,NO
544,BALONCESTO,MASCULINO,SAN FERMIN1,3,NO
545,BALONCESTO,FEMENINO,EL ROCIO,3,NO
546,BALONCESTO,MASCULINO,PORVENIR,3,NO
547,BALONCESTO,MASCULINO,GRANJAS DE PROVENZA,1,NO
548,BALONCESTO,MASCULINO,PUNTA PARAISO,2,NO
549,BALONCESTO,FEMENINO,PORVENIR,3,NO
550,BALONCESTO,MASCULINO,MANUELA BELTRAN,2,NO
551,BALONCESTO,MASCULINO,MARIANELLA,2,NO
552,BALONCESTO,FEMENINO,CONQUISTADORES,2,NO
553,BALONCESTO,MASCULINO,PORVENIR,3,NO
554,BALONCESTO,MASCULINO,PORVENIR,3,NO
555,BALONCESTO,MASCULINO,PORVENIR,3,NO
556,BALONCESTO,MASCULINO,ASTURIAS,3,NO
557,BALONCESTO,FEMENINO,MANUELA BELTRAN,2,NO
558,BALONCESTO,FEMENINO,ROCIO,3,NO
559,BALONCESTO,MASCULINO,ROCIO,3,NO
560,BALONCESTO,MASCULINO,GRANJAS DE PROVENZA,2,NO
561,BALONCESTO,FEMENINO,TOLEDO PLATA,2,NO
562,BALONCESTO,MASCULINO,PROVENZA,3,NO
563,BALONCESTO,FEMENINO,COAVICONZA,3,NO
564,BALONCESTO,FEMENINO,COAVICONZA,3,NO
565,BALONCESTO,MASCULINO,FONTANA,3,NO
566,BALONCESTO,FEMENINO,VILLAREAL,1,NO
567,BALONCESTO,MASCULINO,CIUDAD VENECIA,3,NO
568,BALONCESTO,MASCULINO,MALPASO,2,NO
569,BALONCESTO,FEMENINO,VILLA ALICIA,3,NO
570,BALONCESTO,FEMENINO,EL ROCIO,3,NO
572,BALONCESTO,MASCULINO,PORVENIR,3,NO
573,BALONCESTO,FEMENINO,PORVENIR,3,NO
574,BALONCESTO,MASCULINO,PORVENIR,3,NO
575,BALONCESTO,FEMENINO,PORVENIR,3,NO
576,BALONCESTO,FEMENINO,PORVENIR,3,NO
577,BALONCESTO,MASCULINO,PORVENIR,3,NO
578,BALONCESTO,MASCULINO,PORVENIR,3,NO
579,BALONCESTO,MASCULINO,PORVENIR,3,NO
580,BALONCESTO,FEMENINO,PORVENIR,3,NO
581,BALONCESTO,FEMENINO,MALPASO,2,NO
582,BALONCESTO,FEMENINO,MALPASO,2,NO
583,BALONCESTO,MASCULINO,VILLAS DEL NOGAL,2,NO
584,BALONCESTO,MASCULINO,JARDINES DE COAVICONSA,3,NO
585,BALONCESTO,MASCULINO,PORVENIR,3,NO
586,BALONCESTO,MASCULINO,JARDINES DE COAVICONSA,3,NO
587,BALONCESTO,FEMENINO,PORVENIR,3,NO
588,BALONCESTO,MASCULINO,CRISTAL BAJO,1,NO
589,BALONCESTO,MASCULINO,GRANJAS DE PROVENZA,1,NO
591,BALONCESTO,MASCULINO,GRANJAS DE PROVENZA,1,NO
592,BALONCESTO,MASCULINO,BRISASDE PROVENZA,1,NO
593,BALONCESTO,MASCULINO,PROVENZA+Q1Q131:W131,3,NO
594,BALONCESTO,MASCULINO,PROVENZA,3,NO
595,BALONCESTO,FEMENINO,GRANJAS DE PROVENZA,1,NO
596,BALONCESTO,MASCULINO,GRANJAS DE PROVENZA,2,NO
597,BALONCESTO,FEMENINO,BALCONES DEL SUR,2,NO
598,BALONCESTO,MASCULINO,TOLEDO PLATA,3,NO
599,BALONCESTO,FEMENINO,PROVENZA,3,NO
600,BALONCESTO,MASCULINO,VIVERO PROVENZA,3,NO
601,BALONCESTO,MASCULINO,VIVERO PROVENZA,3,NO
602,BALONCESTO,FEMENINO,GRANJAS DE PROVENZA,1,NO
603,BALONCESTO,FEMENINO,GRANJAS DE PROVENZA,1,NO
604,BALONCESTO,MASCULINO,GRANJAS DE PROVENZA,1,NO
605,BALONCESTO,FEMENINO,PROVENZA,3,NO
606,BALONCESTO,FEMENINO,GRANJAS DE PROVENZA,1,NO
607,BALONCESTO,FEMENINO,PEDREGOZA,2,NO
608,BALONCESTO,MASCULINO,CRISTAL BAJO,1,NO
609,BALONCESTO,MASCULINO,MUTUALIDAD,3,NO
610,NATACION,MASCULINO,COLORADOS,1,NO
611,NATACION,MASCULINO,FORTUNA,1,NO
612,NATACION,MASCULINO,COLORADOS,1,NO
613,NATACION,FEMENINO,COLORADOS,1,NO
614,NATACION,MASCULINO,FORTUNA,1,NO
615,NATACION,FEMENINO,COLORADOS,1,NO
616,NATACION,MASCULINO,EL ROSAL,1,NO
617,NATACION,MASCULINO,EL ROSAL,1,NO
618,NATACION,FEMENINO,COLORADOS,1,NO
619,NATACION,FEMENINO,CAMPESTRE NORTE,1,NO
620,NATACION,FEMENINO,EL ROSAL,1,NO
621,NATACION,FEMENINO,EL ROSAL,1,NO
622,NATACION,FEMENINO,ROSA ALTA,1,NO
623,NATACION,MASCULINO,PORTAL DE LOS ANGELES,1,NO
624,NATACION,FEMENINO,PORTAL DE LOS ANGELES,1,NO
625,NATACION,MASCULINO,CAMPESTRE NORTE,1,NO
626,NATACION,MASCULINO,COLORADOS,1,NO
627,NATACION,FEMENINO,BONANZA CAMPESTRE,1,NO
628,NATACION,FEMENINO,COLORADOS,1,NO
629,NATACION,MASCULINO,COLORADOS,1,NO
630,NATACION,FEMENINO,COLORADOS,1,NO
631,NATACION,FEMENINO,ROSAL,1,NO
632,NATACION,MASCULINO,ROSAL,1,NO
633,NATACION,MASCULINO,CAMPESTRE NORTE,1,NO
635,NATACION,MASCULINO,COLORADOS,1,NO
636,NATACION,FEMENINO,NOGAL II,1,NO
637,NATACION,MASCULINO,VEREDA SAN PEDRO BAJO,1,NO
638,NATACION,MASCULINO,COLORADOS,1,NO
639,NATACION,MASCULINO,COLORADOS,1,NO
640,NATACION,MASCULINO,FINCA EL LIMON,1,NO
641,NATACION,MASCULINO,COLORADOS,1,NO
642,NATACION,MASCULINO,EL PABLON,1,NO
643,NATACION,FEMENINO,CAMPESTRE NORTE,1,NO
644,NATACION,MASCULINO,CAMPESTRE NORTE,1,NO
645,NATACION,MASCULINO,EL NOGAL II,1,NO
646,NATACION,MASCULINO,VEREDA SAN PEDRO BAJO,1,NO
647,NATACION,MASCULINO,PORTAL DE LOS ANGELES,1,NO
648,NATACION,MASCULINO,CAMPESTRE NORTE,1,NO
649,NATACION,FEMENINO,VEREDA SAN PEDRO BAJO,1,NO
650,NATACION,FEMENINO,PORTAL DE LOS ANGELES,1,NO
651,NATACION,FEMENINO,PABLON,1,NO
652,NATACION,FEMENINO,COLORADOS,1,NO
653,NATACION,MASCULINO,LA FORTUNA,1,NO
654,NATACION,FEMENINO,VILLA ROSA,1,NO
655,NATACION,FEMENINO,COLORADOS,1,NO
656,NATACION,MASCULINO,COLORADOS,1,NO
657,NATACION,FEMENINO,CAMPESTRE NORTE,1,NO
658,NATACION,MASCULINO,CAMPESTRE NORTE,1,NO
659,NATACION,MASCULINO,CAMPESTRE NORTE,1,NO
660,NATACION,FEMENINO,CAMPESTRE NORTE,1,NO
661,NATACION,FEMENINO,CAMPESTRE NORTE,1,NO
662,NATACION,MASCULINO,COLORADOS,1,NO
663,NATACION,FEMENINO,COLORADOS,1,NO
664,NATACION,MASCULINO,OLAS BAJAS,2,NO
665,NATACION,FEMENINO,COLORADOS,1,NO
666,NATACION,MASCULINO,PORTAL DE LOS ANGELES,1,NO
667,NATACION,FEMENINO,COLORADOS,1,NO
668,NATACION,FEMENINO,COLORADOS,1,NO
669,NATACION,MASCULINO,COLORADOS,1,NO
670,NATACION,MASCULINO,VILLA ROSA,2,NO
671,NATACION,MASCULINO,VARRIO VILLAROSA,2,NO
672,NATACION,FEMENINO,VILLA LUZ,1,NO
673,NATACION,MASCULINO,VILLA LUZ,1,NO
674,NATACION,MASCULINO,COMUNEROS,2,NO
675,NATACION,MASCULINO,COLORADOS,1,NO
676,NATACION,FEMENINO,COLORADOS,1,NO
677,NATACION,FEMENINO,COLORADOS,1,NO
678,NATACION,FEMENINO,COLORADOS,1,NO
679,NATACION,MASCULINO,COLORADOS,1,NO
680,NATACION,FEMENINO,KENNEDY,2,NO
681,NATACION,FEMENINO,COLSEGUROS NORTE,2,NO
682,NATACION,MASCULINO,COLSEGUROS NORTE,2,NO
683,NATACION,MASCULINO,TRANSCION III,1,NO
684,NATACION,FEMENINO,COLORADOS,1,NO
685,NATACION,MASCULINO,CAMPESTRE NORTE,1,NO
686,NATACION,FEMENINO,COLORADOS,1,NO
687,NATACION,MASCULINO,TEJAR NORTE 1,2,NO
688,NATACION,MASCULINO,KENNEDY,2,NO
689,NATACION,MASCULINO,COLORADOS,1,NO
690,NATACION,FEMENINO,COLORADOS,1,NO
691,NATACION,FEMENINO,EL ROSAL,1,NO
692,NATACION,FEMENINO,COLORADOS,1,NO
693,NATACION,FEMENINO,CAMPESTRE NORTE,1,NO
694,NATACION,MASCULINO,COLORADOS,1,NO
695,NATACION,FEMENINO,ROSAL II,1,NO
696,NATACION,MASCULINO,COLORADOS,1,NO
697,NATACION,MASCULINO,COLORADOS,1,NO
698,NATACION,MASCULINO,COLORADOS,1,NO
699,NATACION,FEMENINO,SAN PEDRO,1,NO
700,NATACION,FEMENINO,SAN PEDRO,1,NO
701,NATACION,MASCULINO,CAMPESTRE NORTE,1,NO
702,NATACION,MASCULINO,PABLON,1,NO
703,NATACION,FEMENINO,COLORADOS,1,NO
704,NATACION,MASCULINO,COLORADOS,1,NO
705,NATACION,MASCULINO,PORTAL DE LOS ANGELES,1,NO
706,NATACION,FEMENINO,ANGELINOS,1,NO
707,NATACION,MASCULINO,COLORADOS,1,NO
708,NATACION,MASCULINO,COLORADOS,1,NO
709,NATACION,FEMENINO,COLORADOS,1,NO
710,NATACION,MASCULINO,COLORADOS,1,NO
711,NATACION,FEMENINO,COLORADOS,1,NO
712,NATACION,FEMENINO,LA CEMENTO,1,NO
713,NATACION,MASCULINO,LA CEMENTO,1,NO
714,NATACION,FEMENINO,VILLA MERCEDES,1,NO
715,NATACION,FEMENINO,COLORADOS,1,NO
716,NATACION,MASCULINO,VILLACARMELO,1,NO
717,NATACION,MASCULINO,VILLACARMELO,1,NO
718,NATACION,MASCULINO,COLORADOS,1,NO
719,NATACION,FEMENINO,COLORADOS,1,NO
720,NATACION,FEMENINO,ROSA ALTA,1,NO
721,NATACION,FEMENINO,CAMPESTRE NORTE,1,NO
722,NATACION,MASCULINO,VILLA ROSA,2,NO
723,NATACION,MASCULINO,VILLA ROSA,2,NO
724,NATACION,MASCULINO,VILLA ROSA,2,NO
725,NATACION,MASCULINO,CAMPESTRE NORTE,1,NO
726,NATACION,MASCULINO,CAMPESTRE NORTE,1,NO
727,NATACION,FEMENINO,CAMPESTRE NORTE,1,NO
728,NATACION,FEMENINO,CAMPESTRE NORTE,1,NO
729,NATACION,FEMENINO,CAMPESTRE NORTE,1,NO
730,NATACION,MASCULINO,CAMPESTRE NORTE,1,NO
731,NATACION,MASCULINO,COLORADOS,1,NO
732,NATACION,FEMENINO,COLORADOS,1,NO
733,NATACION,FEMENINO,COLORADOS,1,NO
734,NATACION,FEMENINO,EL ROSAL,1,NO
735,NATACION,FEMENINO,ROSA ALTA,1,NO
736,NATACION,FEMENINO,COLORADOS,1,NO
737,NATACION,MASCULINO,CAMPESTRE NORTE,1,NO
738,NATACION,FEMENINO,CAMPESTRE,1,NO
739,NATACION,FEMENINO,COLORADOS,1,NO
740,NATACION,FEMENINO,GETSEMANI,1,NO
741,NATACION,MASCULINO,MIRADOR DE COLORADOS,1,NO
742,NATACION,FEMENINO,COLORADOS,1,NO
743,NATACION,FEMENINO,ROSAL BAJO,1,NO
744,NATACION,FEMENINO,CAMPESTRE NORTE,1,NO
745,NATACION,FEMENINO,CAMPESTRE NORTE,1,NO
746,NATACION,MASCULINO,CAMPESTRE NORTE,1,NO
747,NATACION,MASCULINO,BONANZA CAMPESTRE,1,NO
748,NATACION,FEMENINO,COLORADOS,1,NO
749,NATACION,MASCULINO,COLORADOS,1,NO
750,NATACION,MASCULINO,COLORADOS,1,NO
751,NATACION,FEMENINO,CAMPESTRE NORTE,1,NO
752,NATACION,FEMENINO,CAMPESTRE NORTE,1,NO
753,NATACION,MASCULINO,HAMACAS,1,NO
754,NATACION,FEMENINO,VILLA ROSA,2,NO
755,NATACION,FEMENINO,KENNEDY,2,NO
756,NATACION,MASCULINO,LIMONCITO COLORADOS,1,NO
757,NATACION,FEMENINO,CAMPESTRE,1,NO
758,NATACION,FEMENINO,CAMPESTRE,1,NO
759,NATACION,MASCULINO,CAMPESTRE,1,NO
760,NATACION,FEMENINO,PORVENIR,3,NO
761,NATACION,MASCULINO,PORVENIR,3,NO
762,NATACION,MASCULINO,PORVENIR,3,NO
763,NATACION,FEMENINO,PORVENIR,1,NO
764,NATACION,MASCULINO,PORVENIR,3,NO
765,NATACION,FEMENINO,PORVENIR,3,NO
766,NATACION,MASCULINO,PORVENIR,3,NO
767,NATACION,MASCULINO,PORVENIR,3,NO
768,NATACION,FEMENINO,PORVENIR,3,NO
769,NATACION,MASCULINO,PORVENIR,3,NO
770,NATACION,MASCULINO,PORVENIR,3,NO
771,NATACION,MASCULINO,MARIANELA,2,NO
772,NATACION,FEMENINO,MARIANELA,2,NO
773,NATACION,FEMENINO,VILLA DEL ROMERO,2,NO
774,NATACION,MASCULINO,PORVENIR,3,NO
775,NATACION,MASCULINO,PORVENIR,3,NO
776,NATACION,MASCULINO,PORVENIR,3,NO
777,NATACION,MASCULINO,PORVENIR,3,NO
778,NATACION,MASCULINO,PORVENIR,3,NO
779,NATACION,MASCULINO,CRISTAL ALTO,2,NO
780,NATACION,MASCULINO,PORVENIR,2,NO
781,NATACION,FEMENINO,PORVENIR,2,NO
782,NATACION,FEMENINO,PORVENIR,3,NO
783,NATACION,MASCULINO,PORVENIR,3,NO
784,NATACION,FEMENINO,PORVENIR,3,NO
785,NATACION,MASCULINO,PORVENIR,3,NO
786,NATACION,MASCULINO,PORVENIR,3,NO
787,NATACION,FEMENINO,PORVENIR,3,NO
788,NATACION,MASCULINO,MARIANELA ALTA,2,NO
789,NATACION,FEMENINO,PORVENIR,2,NO
790,NATACION,MASCULINO,CIUDAD VENECIA,3,NO
791,NATACION,MASCULINO,CIUDAD VENECIA,3,NO
792,NATACION,MASCULINO,DELICIAS ALTAS,3,NO
793,NATACION,FEMENINO,COAVICONSA,3,NO
794,NATACION,FEMENINO,MIRAMANGA,1,NO
795,NATACION,MASCULINO,MARIANELLA,2,NO
796,NATACION,MASCULINO,PORVENIR,3,NO
797,NATACION,FEMENINO,PORVENIR,3,NO
798,NATACION,FEMENINO,PORVENIR,3,NO
799,NATACION,MASCULINO,PORVENIR,3,NO
800,NATACION,FEMENINO,ESPAÑA,1,NO
801,NATACION,MASCULINO,DELICIAS ALTAS,3,NO
802,NATACION,FEMENINO,CRISTAL BAJO,1,NO
803,NATACION,FEMENINO,PORVENIR,3,NO
804,NATACION,MASCULINO,ESPAÑA,1,NO
805,NATACION,MASCULINO,PORVENIR,2,NO
806,NATACION,MASCULINO,PORVENIR,3,NO
808,NATACION,MASCULINO,PORVENIR,3,NO
809,NATACION,MASCULINO,PORVENIR,3,NO
810,NATACION,MASCULINO,PORVENIR,3,NO
811,NATACION,FEMENINO,PORVENIR,3,NO
812,NATACION,FEMENINO,PORVENIR,3,NO
813,NATACION,FEMENINO,DANGOND,2,NO
814,NATACION,MASCULINO,VILLAS DEL NOGAL,1,NO
815,NATACION,MASCULINO,PORVENIR,3,NO
816,NATACION,MASCULINO,MARIANELLA,2,NO
817,NATACION,FEMENINO,PORVENIR,3,NO
818,NATACION,MASCULINO,PORVENIR,3,NO
819,NATACION,MASCULINO,MARIANELA,2,NO
820,NATACION,FEMENINO,PORVENIR,3,NO
821,NATACION,FEMENINO,PORVENIR,3,NO
822,NATACION,MASCULINO,PORVENIR,3,NO
823,NATACION,MASCULINO,PORVENIR,3,NO
824,NATACION,MASCULINO,PORVENIR,3,NO
825,NATACION,MASCULINO,MARIANELA,2,NO
826,NATACION,MASCULINO,VILLA REAL,1,NO
827,NATACION,FEMENINO,BALCONES DEL SUR,1,NO
828,NATACION,FEMENINO,BALCONES DEL SUR,1,NO
829,NATACION,MASCULINO,DANGOND,2,NO
831,NATACION,FEMENINO,CIUDAD METROPOLITANA,3,NO
832,NATACION,FEMENINO,ESPAÑA,2,NO
833,NATACION,FEMENINO,PORVENIR,2,NO
834,NATACION,MASCULINO,MARIANELLA,1,NO
835,NATACION,MASCULINO,PORVENIR,3,NO
836,NATACION,MASCULINO,PORVENIR,3,NO
837,NATACION,FEMENINO,PORVENIR,3,NO
838,NATACION,FEMENINO,PORVENIR,3,NO
839,NATACION,MASCULINO,PORVENIR,3,NO
840,NATACION,MASCULINO,PORVENIR,3,NO
841,NATACION,FEMENINO,PORVENIR,3,NO
842,NATACION,FEMENINO,PORVENIR,3,NO
843,NATACION,MASCULINO,PORVENIR,3,NO
844,NATACION,FEMENINO,BALCONES PROVENZA,3,NO
845,NATACION,FEMENINO,ALTOS DE FONTANA,3,NO
846,NATACION,FEMENINO,PORVENIR,3,NO
847,NATACION,FEMENINO,PORVENIR,3,NO
848,NATACION,MASCULINO,PORVENIR,3,NO
849,NATACION,MASCULINO,PORVENIR,3,NO
850,NATACION,MASCULINO,PORVENIR,3,NO
851,NATACION,MASCULINO,PORVENIR,3,NO
852,NATACION,MASCULINO,PORVENIR,3,NO
853,NATACION,MASCULINO,PORVENIR,3,NO
854,NATACION,MASCULINO,PORVENIR,3,NO
855,NATACION,FEMENINO,PORVENIR,3,NO
856,NATACION,FEMENINO,ESPAÑA,2,NO
857,NATACION,FEMENINO,PORVENIR,3,NO
858,NATACION,FEMENINO,PORVENIR,3,NO
859,NATACION,FEMENINO,PORVENIR,3,NO
860,NATACION,MASCULINO,PORVENIR,3,NO
861,NATACION,FEMENINO,PORVENIR,3,NO
862,NATACION,MASCULINO,CRISTAL BAJO,1,NO
863,NATACION,FEMENINO,PORVENIR,2,NO
864,NATACION,FEMENINO,PORVENIR,3,NO
865,NATACION,MASCULINO,PORVENIR,3,NO
866,NATACION,FEMENINO,PORVENIR,3,NO
867,NATACION,MASCULINO,PORVENIR,3,NO
868,NATACION,FEMENINO,GUADUALES,1,NO
869,NATACION,FEMENINO,PORVENIR,3,NO
870,NATACION,MASCULINO,PORVENIR,3,NO
871,NATACION,FEMENINO,PORVENIR,3,NO
872,NATACION,FEMENINO,PORVENIR,3,NO
873,NATACION,MASCULINO,PORVENIR,3,NO
874,NATACION,MASCULINO,GRANJAS,2,NO
875,NATACION,MASCULINO,GRANJAS,2,NO
876,NATACION,MASCULINO,PORVENIR,3,NO
877,NATACION,MASCULINO,BRISAS DE PARAISO,1,NO
878,NATACION,FEMENINO,BRISAS DEL PARAISO,1,NO
879,ATLETISMO,MASCULINO,GUAYACANES,2,NO
880,ATLETISMO,MASCULINO,DANGON,2,NO
881,ATLETISMO,MASCULINO,ASTURIAS II,4,NO
882,ATLETISMO,MASCULINO,REAL DE MINAS,3,NO
883,ATLETISMO,MASCULINO,"CHORRERAS DE DON JUAN",2,NO
884,ATLETISMO,FEMENINO,GIRARDOT,2,NO
885,ATLETISMO,MASCULINO,COMUNEROS,3,NO
886,ATLETISMO,MASCULINO,PEDREGOZA,2,NO
887,ATLETISMO,MASCULINO,PROVENZA,3,NO
888,ATLETISMO,MASCULINO,GUAYACANES,2,NO
889,ATLETISMO,MASCULINO,FONTANA,2,NO
890,ATLETISMO,MASCULINO,LA VICTORIA,4,NO
891,ATLETISMO,MASCULINO,PROVENZA,3,NO
892,ATLETISMO,MASCULINO,PRADOS DE FATIMA,3,NO
893,ATLETISMO,MASCULINO,CENTRO,2,NO
894,ATLETISMO,MASCULINO,PROVENZA,4,NO
895,ATLETISMO,MASCULINO,SAN FRANCISCO,3,NO
896,ATLETISMO,MASCULINO,NUEVA GRANADA,2,NO
897,ATLETISMO,MASCULINO,ALARCON,3,NO
898,ATLETISMO,FEMENINO,JARDIN,6,NO
899,ATLETISMO,FEMENINO,COMUNEROS,3,NO
900,ATLETISMO,FEMENINO,INDEPENDENCIA,1,NO
901,ATLETISMO,MASCULINO,NUEVA GRANADA,2,NO
902,ATLETISMO,FEMENINO,SAN ALONSO,4,NO
903,ATLETISMO,MASCULINO,SAN ALONSO,4,NO
904,ATLETISMO,MASCULINO,SAN ALONSO,4,NO
905,ATLETISMO,MASCULINO,SAN ALONSO,4,NO
906,ATLETISMO,MASCULINO,UNIVERSIDAD,3,NO
907,ATLETISMO,FEMENINO,SAN FRANCISCO,4,NO
908,ATLETISMO,FEMENINO,UNIVERSIDAD,4,NO
909,ATLETISMO,MASCULINO,SAN FRANCISCO,3,NO
910,ATLETISMO,MASCULINO,SAN FRANCISCO,3,NO
911,ATLETISMO,MASCULINO,PASEO DE LA FERIA,2,NO
912,ATLETISMO,FEMENINO,DIVISO,1,NO
913,ATLETISMO,FEMENINO,LA UNIVERSIDAD,3,NO
914,ATLETISMO,MASCULINO,PUERTO RICO,1,NO
915,ATLETISMO,FEMENINO,TEJAR NORTE 1,2,NO
916,ATLETISMO,FEMENINO,TEJAR NORTE 1,1,NO
917,ATLETISMO,FEMENINO,HOMAGA II,1,NO
918,ATLETISMO,FEMENINO,VILLA ALEGRIA II,2,NO
919,ATLETISMO,FEMENINO,TEJAR NORTE II,1,NO
920,ATLETISMO,FEMENINO,TEJAR NORTE 1,1,NO
921,ATLETISMO,FEMENINO,TEJAR NORTE 1,2,NO
922,ATLETISMO,MASCULINO,TEJAR NORTE 1,2,NO
923,ATLETISMO,FEMENINO,TEJAR NORTE 1,1,NO
924,ATLETISMO,MASCULINO,TEJAR NORTE 1,1,NO
925,ATLETISMO,FEMENINO,TEJAR NORTE 1,1,NO
926,ATLETISMO,MASCULINO,CAMPO MADRID,1,NO
927,ATLETISMO,FEMENINO,URBA COLSEGUROS,1,NO
928,ATLETISMO,FEMENINO,CAMPO MADRID,1,NO
929,ATLETISMO,FEMENINO,CAMPO MADRID,1,NO
930,ATLETISMO,FEMENINO,GIRARDOT,3,NO
931,ATLETISMO,MASCULINO,GIRARDOT,1,NO
932,ATLETISMO,FEMENINO,VILLAS DE GIRARDOT,1,NO
933,ATLETISMO,MASCULINO,NARIÑO,1,NO
934,ATLETISMO,FEMENINO,PASEO DE LA FERIA,1,NO
935,ATLETISMO,MASCULINO,VILLAS DE GIRARDOT,1,NO
936,ATLETISMO,FEMENINO,GIRARDOT,2,NO
937,ATLETISMO,MASCULINO,MILAGRO DE DIOS,1,NO
938,ATLETISMO,MASCULINO,GIRARDOT,2,NO
939,ATLETISMO,FEMENINO,GIRARDOT,2,NO
940,ATLETISMO,MASCULINO,VILLAS DE GIRARDOT,1,NO
941,ATLETISMO,FEMENINO,VILLAS DE GIRARDOT,1,NO
942,ATLETISMO,MASCULINO,SANTA ANA,2,NO
943,ATLETISMO,FEMENINO,GIRARDOT,1,NO
944,ATLETISMO,MASCULINO,VILLAS DE GIRARDOT,1,NO
945,ATLETISMO,MASCULINO,VILLAS DE GIRARDOT,1,NO
946,ATLETISMO,MASCULINO,VILLAS DE GIRARDOT,1,NO
947,ATLETISMO,FEMENINO,GIRARDOT,2,NO
948,ATLETISMO,FEMENINO,GIRARDOT,2,NO
949,ATLETISMO,MASCULINO,NARIÑO,1,NO
950,ATLETISMO,MASCULINO,SAN FRANCISCO,4,NO
951,ATLETISMO,FEMENINO,ANGELES,2,NO
952,ATLETISMO,MASCULINO,ANGELES,2,NO
953,ATLETISMO,FEMENINO,ANGELES,2,NO
954,ATLETISMO,FEMENINO,ANGELES,2,NO
955,ATLETISMO,MASCULINO,ANGELES,2,NO
956,ATLETISMO,MASCULINO,ANGELES,2,NO
957,ATLETISMO,FEMENINO,ANGELES,2,NO
958,ATLETISMO,FEMENINO,ANGELES,2,NO
959,ATLETISMO,FEMENINO,ANGELES,2,NO
960,ATLETISMO,FEMENINO,ANGELES,2,NO
961,ATLETISMO,FEMENINO,ANGELES,2,NO
962,ATLETISMO,MASCULINO,ANGELES,2,NO
963,ATLETISMO,MASCULINO,ANGELES,2,NO
964,ATLETISMO,MASCULINO,ANGELES,2,NO
965,ATLETISMO,FEMENINO,ANGELES,2,NO
966,ATLETISMO,MASCULINO,ANGELES,2,NO
967,ATLETISMO,FEMENINO,ANGELES,2,NO
968,ATLETISMO,MASCULINO,ANGELES,2,NO
969,ATLETISMO,FEMENINO,ANGELES,2,NO
970,ATLETISMO,FEMENINO,ANGELES,2,NO
971,NATACION,FEMENINO,PROVENZA,4,NO
972,NATACION,MASCULINO,VILLA REAL,1,NO
973,NATACION,MASCULINO,MANUELA BELTRAN,2,NO
974,NATACION,MASCULINO,GRANJAS DE PROVENZA,2,NO
975,NATACION,FEMENINO,GRANJAS DE PROVENZA,2,NO
976,NATACION,FEMENINO,CRISTAL BAJO,1,NO
977,NATACION,MASCULINO,CRISTAL BAJO,1,NO
978,NATACION,FEMENINO,CRISTAL BAJO,1,NO
979,NATACION,MASCULINO,CRISTAL BAJO,1,NO
980,NATACION,MASCULINO,CRISTAL BAJO,1,NO
981,NATACION,MASCULINO,ESPAÑA,2,NO
982,NATACION,FEMENINO,PROVENZA,4,NO
983,NATACION,FEMENINO,LOS CONQUISTADORES,2,NO
984,NATACION,MASCULINO,LOS CONQUISTADORES,2,NO
985,NATACION,MASCULINO,VIVEROS PROVENZA,2,NO
986,NATACION,MASCULINO,CRISTAL BAJO,1,NO
987,NATACION,FEMENINO,CRISTAL BAJO,1,NO
988,NATACION,MASCULINO,PORVENIR,2,NO
989,NATACION,FEMENINO,COAVICONSA,3,NO
990,NATACION,FEMENINO,CIUDAD METROPILITANA,2,NO
991,NATACION,MASCULINO,CIUDAD METROPILITANA,2,NO
992,NATACION,FEMENINO,LA LAMEDA,4,NO
993,NATACION,MASCULINO,CRISTAL BAJO,1,NO
994,NATACION,MASCULINO,PROVENZA,4,NO
995,NATACION,FEMENINO,PROVENZA,4,NO
996,NATACION,FEMENINO,BRISAS DEL PARAISO,1,NO
997,NATACION,FEMENINO,PORVENIR,3,NO
998,NATACION,FEMENINO,LUZ DE SALVACION 1,1,NO
999,NATACION,MASCULINO,VILLA ALICIA,2,NO
1000,NATACION,MASCULINO,PROVENZA,4,NO
